{
    "accuracy": 0.9991748885221726,
    "roc_auc": 0.8649663344131424,
    "classification_report": {
        "0": {
            "precision": 0.9995780145584977,
            "recall": 0.9995955901745995,
            "f1-score": 0.9995868022892912,
            "support": 56873.0
        },
        "1": {
            "precision": 0.7386363636363636,
            "recall": 0.7303370786516854,
            "f1-score": 0.7344632768361583,
            "support": 89.0
        },
        "accuracy": 0.9991748885221726,
        "macro avg": {
            "precision": 0.8691071890974307,
            "recall": 0.8649663344131424,
            "f1-score": 0.8670250395627248,
            "support": 56962.0
        },
        "weighted avg": {
            "precision": 0.9991703075444872,
            "recall": 0.9991748885221726,
            "f1-score": 0.9991725613257484,
            "support": 56962.0
        }
    },
    "f1_score": 0.9991725613257484
}