{
    "accuracy": 0.898388399283733,
    "roc_auc": 0.8930228340416267,
    "classification_report": {
        "0": {
            "precision": 0.9998043244300949,
            "recall": 0.8984052186450513,
            "f1-score": 0.9463964881735168,
            "support": 56873.0
        },
        "1": {
            "precision": 0.013488133856923339,
            "recall": 0.8876404494382022,
            "f1-score": 0.02657248570467541,
            "support": 89.0
        },
        "accuracy": 0.898388399283733,
        "macro avg": {
            "precision": 0.5066462291435091,
            "recall": 0.8930228340416267,
            "f1-score": 0.48648448693909613,
            "support": 56962.0
        },
        "weighted avg": {
            "precision": 0.9982632594927505,
            "recall": 0.898388399283733,
            "f1-score": 0.9449593136322486,
            "support": 56962.0
        }
    },
    "f1_score": 0.9449593136322486
}