{
    "accuracy": 0.9874477721990099,
    "roc_auc": 0.9634061461995849,
    "classification_report": {
        "0": {
            "precision": 0.999697465831435,
            "recall": 0.9877270409508906,
            "f1-score": 0.993676203953478,
            "support": 56873.0
        },
        "1": {
            "precision": 0.09350649350649351,
            "recall": 0.8089887640449438,
            "f1-score": 0.1676367869615832,
            "support": 89.0
        },
        "accuracy": 0.9874477721990099,
        "macro avg": {
            "precision": 0.5466019796689643,
            "recall": 0.8983579024979171,
            "f1-score": 0.5806564954575306,
            "support": 56962.0
        },
        "weighted avg": {
            "precision": 0.9982815921518431,
            "recall": 0.9874477721990099,
            "f1-score": 0.9923855626818886,
            "support": 56962.0
        }
    },
    "f1_score": 0.9923855626818886
}