{
    "accuracy": 0.9875004388890839,
    "roc_auc": 0.9646010023910953,
    "classification_report": {
        "0": {
            "precision": 0.9996974819823827,
            "recall": 0.9877797900585515,
            "f1-score": 0.9937029044468815,
            "support": 56873.0
        },
        "1": {
            "precision": 0.0938722294654498,
            "recall": 0.8089887640449438,
            "f1-score": 0.16822429906542055,
            "support": 89.0
        },
        "accuracy": 0.9875004388890839,
        "macro avg": {
            "precision": 0.5467848557239162,
            "recall": 0.8983842770517476,
            "f1-score": 0.580963601756151,
            "support": 56962.0
        },
        "weighted avg": {
            "precision": 0.998282179719927,
            "recall": 0.9875004388890839,
            "f1-score": 0.9924131394126666,
            "support": 56962.0
        }
    },
    "f1_score": 0.9924131394126666
}