{
    "accuracy": 0.9891506618447385,
    "roc_auc": 0.9624865929351363,
    "classification_report": {
        "0": {
            "precision": 0.9996447286615152,
            "recall": 0.9894853445395883,
            "f1-score": 0.9945390923229182,
            "support": 56873.0
        },
        "1": {
            "precision": 0.10344827586206896,
            "recall": 0.7752808988764045,
            "f1-score": 0.18253968253968253,
            "support": 89.0
        },
        "accuracy": 0.9891506618447385,
        "macro avg": {
            "precision": 0.5515465022617921,
            "recall": 0.8823831217079964,
            "f1-score": 0.5885393874313003,
            "support": 56962.0
        },
        "weighted avg": {
            "precision": 0.9982444708703712,
            "recall": 0.9891506618447385,
            "f1-score": 0.9932703877923414,
            "support": 56962.0
        }
    },
    "f1_score": 0.9932703877923414
}