{
    "accuracy": 0.5122011165338296,
    "roc_auc": 0.4796930752670498,
    "classification_report": {
        "0": {
            "precision": 0.9983552067984786,
            "recall": 0.5122817505670529,
            "f1-score": 0.677117225992377,
            "support": 56873.0
        },
        "1": {
            "precision": 0.0014759350588574103,
            "recall": 0.4606741573033708,
            "f1-score": 0.002942442945313621,
            "support": 89.0
        },
        "accuracy": 0.5122011165338296,
        "macro avg": {
            "precision": 0.499915570928668,
            "recall": 0.48647795393521187,
            "f1-score": 0.3400298344688453,
            "support": 56962.0
        },
        "weighted avg": {
            "precision": 0.9967976376263141,
            "recall": 0.5122011165338296,
            "f1-score": 0.67606386487986,
            "support": 56962.0
        }
    },
    "f1_score": 0.67606386487986
}