{
    "accuracy": 0.9984375548611355,
    "roc_auc": 0.5332741173562937,
    "classification_report": {
        "0": {
            "precision": 0.9984375548611355,
            "recall": 1.0,
            "f1-score": 0.9992181666447051,
            "support": 56873.0
        },
        "1": {
            "precision": 0.0,
            "recall": 0.0,
            "f1-score": 0.0,
            "support": 89.0
        },
        "accuracy": 0.9984375548611355,
        "macro avg": {
            "precision": 0.49921877743056775,
            "recall": 0.5,
            "f1-score": 0.49960908332235254,
            "support": 56962.0
        },
        "weighted avg": {
            "precision": 0.996877550957083,
            "recall": 0.9984375548611355,
            "f1-score": 0.997656943077566,
            "support": 56962.0
        }
    },
    "f1_score": 0.997656943077566
}