{
    "accuracy": 0.9990168884519505,
    "roc_auc": 0.9754667258826437,
    "classification_report": {
        "0": {
            "precision": 0.9997361338329199,
            "recall": 0.9992790955286339,
            "f1-score": 0.9995075624340486,
            "support": 56873.0
        },
        "1": {
            "precision": 0.6434782608695652,
            "recall": 0.8314606741573034,
            "f1-score": 0.7254901960784313,
            "support": 89.0
        },
        "accuracy": 0.9990168884519505,
        "macro avg": {
            "precision": 0.8216071973512425,
            "recall": 0.9153698848429687,
            "f1-score": 0.86249887925624,
            "support": 56962.0
        },
        "weighted avg": {
            "precision": 0.9991795004511262,
            "recall": 0.9990168884519505,
            "f1-score": 0.9990794253320218,
            "support": 56962.0
        }
    },
    "f1_score": 0.9990794253320218
}