{
    "accuracy": 0.999420666409185,
    "roc_auc": 0.970016775006485,
    "classification_report": {
        "0": {
            "precision": 0.9994727592267135,
            "recall": 0.999947250892339,
            "f1-score": 0.9997099487576139,
            "support": 56873.0
        },
        "1": {
            "precision": 0.9516129032258065,
            "recall": 0.6629213483146067,
            "f1-score": 0.781456953642384,
            "support": 89.0
        },
        "accuracy": 0.999420666409185,
        "macro avg": {
            "precision": 0.97554283122626,
            "recall": 0.8314342996034729,
            "f1-score": 0.8905834511999989,
            "support": 56962.0
        },
        "weighted avg": {
            "precision": 0.9993979808273582,
            "recall": 0.999420666409185,
            "f1-score": 0.9993689404263535,
            "support": 56962.0
        }
    },
    "f1_score": 0.9993689404263535
}