{
    "accuracy": 0.9994557775359011,
    "roc_auc": 0.9660109050383694,
    "classification_report": {
        "0": {
            "precision": 0.9995078913142817,
            "recall": 0.999947250892339,
            "f1-score": 0.9997275228309499,
            "support": 56873.0
        },
        "1": {
            "precision": 0.953125,
            "recall": 0.6853932584269663,
            "f1-score": 0.7973856209150327,
            "support": 89.0
        },
        "accuracy": 0.9994557775359011,
        "macro avg": {
            "precision": 0.9763164456571409,
            "recall": 0.8426702546596527,
            "f1-score": 0.8985565718729913,
            "support": 56962.0
        },
        "weighted avg": {
            "precision": 0.9994354205912213,
            "recall": 0.9994557775359011,
            "f1-score": 0.9994113747099127,
            "support": 56962.0
        }
    },
    "f1_score": 0.9994113747099127
}