{
    "accuracy": 0.9709630982058214,
    "roc_auc": 0.9845440175498454,
    "classification_report": {
        "0": {
            "precision": 0.9998913653564122,
            "recall": 0.9710231568582631,
            "f1-score": 0.9852458431456504,
            "support": 56873.0
        },
        "1": {
            "precision": 0.047949162333911034,
            "recall": 0.9325842696629213,
            "f1-score": 0.09120879120879122,
            "support": 89.0
        },
        "accuracy": 0.9709630982058214,
        "macro avg": {
            "precision": 0.5239202638451617,
            "recall": 0.9518037132605922,
            "f1-score": 0.5382273171772208,
            "support": 56962.0
        },
        "weighted avg": {
            "precision": 0.9984040078888198,
            "recall": 0.9709630982058214,
            "f1-score": 0.9838489592998869,
            "support": 56962.0
        }
    },
    "f1_score": 0.9838489592998869
}