{
    "accuracy": 0.9884133281837014,
    "roc_auc": 0.4496141313871613,
    "classification_report": {
        "0": {
            "precision": 0.998633952489932,
            "recall": 0.9897490900778928,
            "f1-score": 0.9941716707877075,
            "support": 56873.0
        },
        "1": {
            "precision": 0.020168067226890758,
            "recall": 0.1348314606741573,
            "f1-score": 0.03508771929824561,
            "support": 89.0
        },
        "accuracy": 0.9884133281837014,
        "macro avg": {
            "precision": 0.5094010098584114,
            "recall": 0.562290275376025,
            "f1-score": 0.5146296950429765,
            "support": 56962.0
        },
        "weighted avg": {
            "precision": 0.997105153223958,
            "recall": 0.9884133281837014,
            "f1-score": 0.9926731547299399,
            "support": 56962.0
        }
    },
    "f1_score": 0.9926731547299399
}