{
    "accuracy": 0.99875355500158,
    "roc_auc": 0.9443528524129359,
    "classification_report": {
        "0": {
            "precision": 0.9993670218377466,
            "recall": 0.9993845937439558,
            "f1-score": 0.99937580771361,
            "support": 56873.0
        },
        "1": {
            "precision": 0.6022727272727273,
            "recall": 0.5955056179775281,
            "f1-score": 0.5988700564971752,
            "support": 89.0
        },
        "accuracy": 0.99875355500158,
        "macro avg": {
            "precision": 0.800819874555237,
            "recall": 0.7974451058607419,
            "f1-score": 0.7991229321053925,
            "support": 56962.0
        },
        "weighted avg": {
            "precision": 0.9987465837875327,
            "recall": 0.99875355500158,
            "f1-score": 0.9987500394495346,
            "support": 56962.0
        }
    },
    "f1_score": 0.9987500394495346
}