{
    "accuracy": 0.9617464274428567,
    "roc_auc": 0.9679298266964617,
    "classification_report": {
        "0": {
            "precision": 0.9998355022664133,
            "recall": 0.9618448121252615,
            "f1-score": 0.9804722857014831,
            "support": 56873.0
        },
        "1": {
            "precision": 0.035555555555555556,
            "recall": 0.898876404494382,
            "f1-score": 0.06840530141085933,
            "support": 89.0
        },
        "accuracy": 0.9617464274428567,
        "macro avg": {
            "precision": 0.5176955289109844,
            "recall": 0.9303606083098217,
            "f1-score": 0.5244387935561713,
            "support": 56962.0
        },
        "weighted avg": {
            "precision": 0.9983288677511704,
            "recall": 0.9617464274428567,
            "f1-score": 0.9790472310755595,
            "support": 56962.0
        }
    },
    "f1_score": 0.9790472310755595
}