{
    "accuracy": 0.9995611109160493,
    "roc_auc": 0.9590227348654019,
    "classification_report": {
        "0": {
            "precision": 0.9996484320067501,
            "recall": 0.9999120848205652,
            "f1-score": 0.9997802410316365,
            "support": 56873.0
        },
        "1": {
            "precision": 0.9324324324324325,
            "recall": 0.7752808988764045,
            "f1-score": 0.8466257668711658,
            "support": 89.0
        },
        "accuracy": 0.9995611109160493,
        "macro avg": {
            "precision": 0.9660404322195912,
            "recall": 0.8875964918484849,
            "f1-score": 0.9232030039514012,
            "support": 56962.0
        },
        "weighted avg": {
            "precision": 0.9995434106949613,
            "recall": 0.9995611109160493,
            "f1-score": 0.9995409455679891,
            "support": 56962.0
        }
    },
    "f1_score": 0.9995409455679891
}