{
    "accuracy": 0.9977879990168884,
    "roc_auc": 0.9091452925767781,
    "classification_report": {
        "0": {
            "precision": 0.9997182056746332,
            "recall": 0.9980658660524326,
            "f1-score": 0.9988913525498891,
            "support": 56873.0
        },
        "1": {
            "precision": 0.3989071038251366,
            "recall": 0.8202247191011236,
            "f1-score": 0.5367647058823529,
            "support": 89.0
        },
        "accuracy": 0.9977879990168884,
        "macro avg": {
            "precision": 0.6993126547498849,
            "recall": 0.9091452925767781,
            "f1-score": 0.767828029216121,
            "support": 56962.0
        },
        "weighted avg": {
            "precision": 0.9987794712891727,
            "recall": 0.9977879990168884,
            "f1-score": 0.9981693050172636,
            "support": 56962.0
        }
    },
    "f1_score": 0.9981693050172636
}