{
    "accuracy": 0.0015624451388645062,
    "roc_auc": 0.5484642798650334,
    "classification_report": {
        "0": {
            "precision": 1.0,
            "recall": 0.0,
            "f1-score": 0.0,
            "support": 56873.0
        },
        "1": {
            "precision": 0.0015624451388645062,
            "recall": 1.0,
            "f1-score": 0.003120015424795359,
            "support": 89.0
        },
        "accuracy": 0.0015624451388645062,
        "macro avg": {
            "precision": 0.5007812225694322,
            "recall": 0.5,
            "f1-score": 0.0015600077123976794,
            "support": 56962.0
        },
        "weighted avg": {
            "precision": 0.9984399960959475,
            "recall": 0.0015624451388645062,
            "f1-score": 4.874852933653786e-06,
            "support": 56962.0
        }
    },
    "f1_score": 4.874852933653786e-06
}