{
    "accuracy": 0.9995962220427653,
    "roc_auc": 0.9730981526551274,
    "classification_report": {
        "0": {
            "precision": 0.9997187159382581,
            "recall": 0.9998769187487911,
            "f1-score": 0.9997978110852269,
            "support": 56873.0
        },
        "1": {
            "precision": 0.9125,
            "recall": 0.8202247191011236,
            "f1-score": 0.863905325443787,
            "support": 89.0
        },
        "accuracy": 0.9995962220427653,
        "macro avg": {
            "precision": 0.9561093579691291,
            "recall": 0.9100508189249574,
            "f1-score": 0.931851568264507,
            "support": 56962.0
        },
        "weighted avg": {
            "precision": 0.9995824414795224,
            "recall": 0.9995962220427653,
            "f1-score": 0.9995854865316282,
            "support": 56962.0
        }
    },
    "f1_score": 0.9995854865316282
}