{
    "accuracy": 0.9995084442259752,
    "roc_auc": 0.9837364820533508,
    "classification_report": {
        "0": {
            "precision": 0.9997889887284812,
            "recall": 0.9997186714258084,
            "f1-score": 0.9997538288407096,
            "support": 56873.0
        },
        "1": {
            "precision": 0.8279569892473119,
            "recall": 0.8651685393258427,
            "f1-score": 0.8461538461538461,
            "support": 89.0
        },
        "accuracy": 0.9995084442259752,
        "macro avg": {
            "precision": 0.9138729889878965,
            "recall": 0.9324436053758256,
            "f1-score": 0.9229538374972779,
            "support": 56962.0
        },
        "weighted avg": {
            "precision": 0.9995205106561904,
            "recall": 0.9995084442259752,
            "f1-score": 0.999513837294431,
            "support": 56962.0
        }
    },
    "f1_score": 0.999513837294431
}