{
    "accuracy": 0.9995786664794073,
    "roc_auc": 0.9772554540502918,
    "classification_report": {
        "0": {
            "precision": 0.9996660045353069,
            "recall": 0.9999120848205652,
            "f1-score": 0.999789029535865,
            "support": 56873.0
        },
        "1": {
            "precision": 0.9333333333333333,
            "recall": 0.7865168539325843,
            "f1-score": 0.853658536585366,
            "support": 89.0
        },
        "accuracy": 0.9995786664794073,
        "macro avg": {
            "precision": 0.9664996689343202,
            "recall": 0.8932144693765747,
            "f1-score": 0.9267237830606154,
            "support": 56962.0
        },
        "weighted avg": {
            "precision": 0.9995623633756394,
            "recall": 0.9995786664794073,
            "f1-score": 0.9995607086575147,
            "support": 56962.0
        }
    },
    "f1_score": 0.9995607086575147
}