{
    "accuracy": 0.9996488887328394,
    "roc_auc": 0.9746227401600689,
    "classification_report": {
        "0": {
            "precision": 0.9997187307726114,
            "recall": 0.9999296678564521,
            "f1-score": 0.9998241881889626,
            "support": 56873.0
        },
        "1": {
            "precision": 0.948051948051948,
            "recall": 0.8202247191011236,
            "f1-score": 0.8795180722891566,
            "support": 89.0
        },
        "accuracy": 0.9996488887328394,
        "macro avg": {
            "precision": 0.9738853394122797,
            "recall": 0.9100771934787879,
            "f1-score": 0.9396711302390596,
            "support": 56962.0
        },
        "weighted avg": {
            "precision": 0.9996380042591088,
            "recall": 0.9996488887328394,
            "f1-score": 0.9996362164829993,
            "support": 56962.0
        }
    },
    "f1_score": 0.9996362164829993
}